id,categories
202,related-1;request-1;offer-0;aid_related-1;medical_help-0;medical_products-0;search_and_rescue-0;security-0;military-0;child_alone-0;water-0;food-1;shelter-0;clothing-0;money-0;missing_people-0;refugees-0;death-0;other_aid-1;infrastructure_related-0;transport-0;buildings-0;electricity-0;tools-0;hospitals-0;shops-0;aid_centers-0;other_infrastructure-0;weather_related-0;floods-0;storm-0;fire-0;earthquake-0;cold-0;other_weather-0;direct_report-0
202,related-1;request-1;offer-0;aid_related-1;medical_help-0;medical_products-0;search_and_rescue-0;security-0;military-0;child_alone-0;water-0;food-1;shelter-0;clothing-0;money-0;missing_people-0;refugees-0;death-0;other_aid-0;infrastructure_related-0;transport-0;buildings-0;electricity-0;tools-0;hospitals-0;shops-0;aid_centers-0;other_infrastructure-0;weather_related-0;floods-0;storm-0;fire-0;earthquake-0;cold-0;other_weather-0;direct_report-0
862,related-0;request-0;offer-0;aid_related-0;medical_help-0;medical_products-0;search_and_rescue-0;security-0;military-0;child_alone-0;water-0;food-0;shelter-0;clothing-0;money-0;missing_people-0;refugees-0;death-0;other_aid-0;infrastructure_related-0;transport-0;buildings-0;electricity-0;tools-0;hospitals-0;shops-0;aid_centers-0;other_infrastructure-0;weather_related-0;floods-0;storm-0;fire-0;earthquake-0;cold-0;other_weather-0;direct_report-0
862,related-1;request-0;offer-0;aid_related-0;medical_help-0;medical_products-0;search_and_rescue-0;security-0;military-0;child_alone-0;water-0;food-0;shelter-0;clothing-0;money-0;missing_people-0;refugees-0;death-0;other_aid-0;infrastructure_related-0;transport-0;buildings-0;electricity-0;tools-0;hospitals-0;shops-0;aid_centers-0;other_infrastructure-0;weather_related-0;floods-0;storm-0;fire-0;earthquake-0;cold-0;other_weather-0;direct_report-0
1652,related-1;request-1;offer-0;aid_related-1;medical_help-0;medical_products-0;search_and_rescue-1;security-0;military-0;child_alone-0;water-1;food-1;shelter-1;clothing-0;money-0;missing_people-0;refugees-0;death-0;other_aid-0;infrastructure_related-0;transport-0;buildings-0;electricity-0;tools-0;hospitals-0;shops-0;aid_centers-0;other_infrastructure-0;weather_related-0;floods-0;storm-0;fire-0;earthquake-0;cold-0;other_weather-0;direct_report-1
1652,related-1;request-1;offer-0;aid_related-1;medical_help-0;medical_products-0;search_and_rescue-0;security-0;military-0;child_alone-0;water-1;food-1;shelter-1;clothing-0;money-0;missing_people-0;refugees-0;death-0;other_aid-0;infrastructure_related-0;transport-0;buildings-0;electricity-0;tools-0;hospitals-0;shops-0;aid_centers-0;other_infrastructure-0;weather_related-0;floods-0;storm-0;fire-0;earthquake-0;cold-0;other_weather-0;direct_report-1
3250,related-1;request-0;offer-0;aid_related-0;medical_help-0;medical_products-0;search_and_rescue-0;security-0;military-0;child_alone-0;water-0;food-0;shelter-0;clothing-0;money-0;missing_people-0;refugees-0;death-0;other_aid-0;infrastructure_related-0;transport-0;buildings-0;electricity-0;tools-0;hospitals-0;shops-0;aid_centers-0;other_infrastructure-0;weather_related-0;floods-0;storm-0;fire-0;earthquake-0;cold-0;other_weather-0;direct_report-0
3250,related-1;request-1;offer-0;aid_related-0;medical_help-0;medical_products-0;search_and_rescue-0;security-0;military-0;child_alone-0;water-0;food-0;shelter-0;clothing-0;money-0;missing_people-0;refugees-0;death-0;other_aid-0;infrastructure_related-0;transport-0;buildings-0;electricity-0;tools-0;hospitals-0;shops-0;aid_centers-0;other_infrastructure-0;weather_related-0;floods-0;storm-0;fire-0;earthquake-0;cold-0;other_weather-0;direct_report-1
3882,related-1;request-1;offer-0;aid_related-1;medical_help-0;medical_products-0;search_and_rescue-0;security-0;military-0;child_alone-0;water-1;food-0;shelter-0;clothing-0;money-0;missing_people-0;refugees-0;death-0;other_aid-0;infrastructure_related-0;transport-0;buildings-0;electricity-0;tools-0;hospitals-0;shops-0;aid_centers-0;other_infrastructure-0;weather_related-0;floods-0;storm-0;fire-0;earthquake-0;cold-0;other_weather-0;direct_report-1
3882,related-1;request-1;offer-0;aid_related-1;medical_help-1;medical_products-0;search_and_rescue-0;security-0;military-0;child_alone-0;water-1;food-0;shelter-0;clothing-0;money-0;missing_people-0;refugees-0;death-0;other_aid-0;infrastructure_related-0;transport-0;buildings-0;electricity-0;tools-0;hospitals-0;shops-0;aid_centers-0;other_infrastructure-0;weather_related-0;floods-0;storm-0;fire-0;earthquake-0;cold-0;other_weather-0;direct_report-1
4956,related-1;request-0;offer-0;aid_related-0;medical_help-0;medical_products-0;search_and_rescue-0;security-0;military-0;child_alone-0;water-0;food-0;shelter-0;clothing-0;money-0;missing_people-0;refugees-0;death-0;other_aid-0;infrastructure_related-0;transport-0;buildings-0;electricity-0;tools-0;hospitals-0;shops-0;aid_centers-0;other_infrastructure-0;weather_related-0;floods-0;storm-0;fire-0;earthquake-0;cold-0;other_weather-0;direct_report-0
4956,related-0;request-0;offer-0;aid_related-0;medical_help-0;medical_products-0;search_and_rescue-0;security-0;military-0;child_alone-0;water-0;food-0;shelter-0;clothing-0;money-0;missing_people-0;refugees-0;death-0;other_aid-0;infrastructure_related-0;transport-0;buildings-0;electricity-0;tools-0;hospitals-0;shops-0;aid_centers-0;other_infrastructure-0;weather_related-0;floods-0;storm-0;fire-0;earthquake-0;cold-0;other_weather-0;direct_report-0
5153,related-1;request-0;offer-0;aid_related-1;medical_help-0;medical_products-0;search_and_rescue-0;security-0;military-0;child_alone-0;water-0;food-1;shelter-0;clothing-0;money-0;missing_people-0;refugees-0;death-0;other_aid-0;infrastructure_related-0;transport-0;buildings-0;electricity-0;tools-0;hospitals-0;shops-0;aid_centers-0;other_infrastructure-0;weather_related-0;floods-0;storm-0;fire-0;earthquake-0;cold-0;other_weather-0;direct_report-0
5153,related-1;request-0;offer-0;aid_related-1;medical_help-0;medical_products-0;search_and_rescue-0;security-0;military-0;child_alone-0;water-0;food-1;shelter-0;clothing-0;money-0;missing_people-0;refugees-0;death-0;other_aid-0;infrastructure_related-0;transport-0;buildings-0;electricity-0;tools-0;hospitals-0;shops-0;aid_centers-0;other_infrastructure-0;weather_related-0;floods-0;storm-0;fire-0;earthquake-0;cold-0;other_weather-0;direct_report-1
5776,related-0;request-0;offer-0;aid_related-0;medical_help-0;medical_products-0;search_and_rescue-0;security-0;military-0;child_alone-0;water-0;food-0;shelter-0;clothing-0;money-0;missing_people-0;refugees-0;death-0;other_aid-0;infrastructure_related-0;transport-0;buildings-0;electricity-0;tools-0;hospitals-0;shops-0;aid_centers-0;other_infrastructure-0;weather_related-0;floods-0;storm-0;fire-0;earthquake-0;cold-0;other_weather-0;direct_report-0
5776,related-1;request-0;offer-0;aid_related-0;medical_help-0;medical_products-0;search_and_rescue-0;security-0;military-0;child_alone-0;water-0;food-0;shelter-0;clothing-0;money-0;missing_people-0;refugees-0;death-0;other_aid-0;infrastructure_related-0;transport-0;buildings-0;electricity-0;tools-0;hospitals-0;shops-0;aid_centers-0;other_infrastructure-0;weather_related-0;floods-0;storm-0;fire-0;earthquake-0;cold-0;other_weather-0;direct_report-0
6393,related-1;request-0;offer-0;aid_related-0;medical_help-0;medical_products-0;search_and_rescue-0;security-0;military-0;child_alone-0;water-0;food-0;shelter-0;clothing-0;money-0;missing_people-0;refugees-0;death-0;other_aid-0;infrastructure_related-0;transport-0;buildings-0;electricity-0;tools-0;hospitals-0;shops-0;aid_centers-0;other_infrastructure-0;weather_related-0;floods-0;storm-0;fire-0;earthquake-0;cold-0;other_weather-0;direct_report-0
6393,related-0;request-0;offer-0;aid_related-0;medical_help-0;medical_products-0;search_and_rescue-0;security-0;military-0;child_alone-0;water-0;food-0;shelter-0;clothing-0;money-0;missing_people-0;refugees-0;death-0;other_aid-0;infrastructure_related-0;transport-0;buildings-0;electricity-0;tools-0;hospitals-0;shops-0;aid_centers-0;other_infrastructure-0;weather_related-0;floods-0;storm-0;fire-0;earthquake-0;cold-0;other_weather-0;direct_report-0
6492,related-1;request-0;offer-0;aid_related-0;medical_help-0;medical_products-0;search_and_rescue-0;security-0;military-0;child_alone-0;water-0;food-0;shelter-0;clothing-0;money-0;missing_people-0;refugees-0;death-0;other_aid-0;infrastructure_related-0;transport-0;buildings-0;electricity-0;tools-0;hospitals-0;shops-0;aid_centers-0;other_infrastructure-0;weather_related-0;floods-0;storm-0;fire-0;earthquake-0;cold-0;other_weather-0;direct_report-0
6492,related-0;request-0;offer-0;aid_related-0;medical_help-0;medical_products-0;search_and_rescue-0;security-0;military-0;child_alone-0;water-0;food-0;shelter-0;clothing-0;money-0;missing_people-0;refugees-0;death-0;other_aid-0;infrastructure_related-0;transport-0;buildings-0;electricity-0;tools-0;hospitals-0;shops-0;aid_centers-0;other_infrastructure-0;weather_related-0;floods-0;storm-0;fire-0;earthquake-0;cold-0;other_weather-0;direct_report-0
6515,related-1;request-0;offer-0;aid_related-0;medical_help-0;medical_products-0;search_and_rescue-0;security-0;military-0;child_alone-0;water-0;food-0;shelter-0;clothing-0;money-0;missing_people-0;refugees-0;death-0;other_aid-0;infrastructure_related-0;transport-0;buildings-0;electricity-0;tools-0;hospitals-0;shops-0;aid_centers-0;other_infrastructure-0;weather_related-0;floods-0;storm-0;fire-0;earthquake-0;cold-0;other_weather-0;direct_report-0
6515,related-1;request-1;offer-0;aid_related-0;medical_help-0;medical_products-0;search_and_rescue-0;security-0;military-0;child_alone-0;water-0;food-0;shelter-0;clothing-0;money-0;missing_people-0;refugees-0;death-0;other_aid-0;infrastructure_related-0;transport-0;buildings-0;electricity-0;tools-0;hospitals-0;shops-0;aid_centers-0;other_infrastructure-0;weather_related-0;floods-0;storm-0;fire-0;earthquake-0;cold-0;other_weather-0;direct_report-1
6687,related-1;request-0;offer-0;aid_related-0;medical_help-0;medical_products-0;search_and_rescue-0;security-0;military-0;child_alone-0;water-0;food-0;shelter-0;clothing-0;money-0;missing_people-0;refugees-0;death-0;other_aid-0;infrastructure_related-0;transport-0;buildings-0;electricity-0;tools-0;hospitals-0;shops-0;aid_centers-0;other_infrastructure-0;weather_related-0;floods-0;storm-0;fire-0;earthquake-0;cold-0;other_weather-0;direct_report-0
6687,related-0;request-0;offer-0;aid_related-0;medical_help-0;medical_products-0;search_and_rescue-0;security-0;military-0;child_alone-0;water-0;food-0;shelter-0;clothing-0;money-0;missing_people-0;refugees-0;death-0;other_aid-0;infrastructure_related-0;transport-0;buildings-0;electricity-0;tools-0;hospitals-0;shops-0;aid_centers-0;other_infrastructure-0;weather_related-0;floods-0;storm-0;fire-0;earthquake-0;cold-0;other_weather-0;direct_report-0
7747,related-1;request-0;offer-0;aid_related-0;medical_help-0;medical_products-0;search_and_rescue-0;security-0;military-0;child_alone-0;water-0;food-0;shelter-0;clothing-0;money-0;missing_people-0;refugees-0;death-0;other_aid-0;infrastructure_related-0;transport-0;buildings-0;electricity-0;tools-0;hospitals-0;shops-0;aid_centers-0;other_infrastructure-0;weather_related-0;floods-0;storm-0;fire-0;earthquake-0;cold-0;other_weather-0;direct_report-0
7747,related-0;request-0;offer-0;aid_related-0;medical_help-0;medical_products-0;search_and_rescue-0;security-0;military-0;child_alone-0;water-0;food-0;shelter-0;clothing-0;money-0;missing_people-0;refugees-0;death-0;other_aid-0;infrastructure_related-0;transport-0;buildings-0;electricity-0;tools-0;hospitals-0;shops-0;aid_centers-0;other_infrastructure-0;weather_related-0;floods-0;storm-0;fire-0;earthquake-0;cold-0;other_weather-0;direct_report-0
7945,related-1;request-1;offer-0;aid_related-1;medical_help-0;medical_products-0;search_and_rescue-0;security-0;military-0;child_alone-0;water-0;food-0;shelter-0;clothing-0;money-0;missing_people-0;refugees-0;death-0;other_aid-1;infrastructure_related-1;transport-0;buildings-0;electricity-0;tools-0;hospitals-0;shops-0;aid_centers-0;other_infrastructure-1;weather_related-1;floods-0;storm-0;fire-0;earthquake-1;cold-0;other_weather-0;direct_report-1
7945,related-1;request-1;offer-0;aid_related-1;medical_help-0;medical_products-0;search_and_rescue-0;security-0;military-0;child_alone-0;water-0;food-0;shelter-0;clothing-0;money-0;missing_people-0;refugees-0;death-0;other_aid-1;infrastructure_related-0;transport-0;buildings-0;electricity-0;tools-0;hospitals-0;shops-0;aid_centers-0;other_infrastructure-0;weather_related-1;floods-0;storm-0;fire-0;earthquake-1;cold-0;other_weather-0;direct_report-1
8190,related-1;request-1;offer-0;aid_related-0;medical_help-0;medical_products-0;search_and_rescue-0;security-0;military-0;child_alone-0;water-0;food-0;shelter-0;clothing-0;money-0;missing_people-0;refugees-0;death-0;other_aid-0;infrastructure_related-0;transport-0;buildings-0;electricity-0;tools-0;hospitals-0;shops-0;aid_centers-0;other_infrastructure-0;weather_related-0;floods-0;storm-0;fire-0;earthquake-0;cold-0;other_weather-0;direct_report-1
8190,related-1;request-1;offer-0;aid_related-1;medical_help-1;medical_products-1;search_and_rescue-0;security-0;military-0;child_alone-0;water-0;food-0;shelter-0;clothing-0;money-0;missing_people-0;refugees-0;death-0;other_aid-0;infrastructure_related-0;transport-0;buildings-0;electricity-0;tools-0;hospitals-0;shops-0;aid_centers-0;other_infrastructure-0;weather_related-0;floods-0;storm-0;fire-0;earthquake-0;cold-0;other_weather-0;direct_report-1
10286,related-1;request-1;offer-0;aid_related-1;medical_help-0;medical_products-0;search_and_rescue-0;security-0;military-0;child_alone-0;water-0;food-0;shelter-1;clothing-0;money-0;missing_people-0;refugees-0;death-0;other_aid-0;infrastructure_related-0;transport-0;buildings-0;electricity-0;tools-0;hospitals-0;shops-0;aid_centers-0;other_infrastructure-0;weather_related-1;floods-0;storm-1;fire-0;earthquake-0;cold-0;other_weather-0;direct_report-1
10286,related-1;request-1;offer-0;aid_related-1;medical_help-0;medical_products-0;search_and_rescue-0;security-0;military-1;child_alone-0;water-0;food-0;shelter-1;clothing-0;money-0;missing_people-0;refugees-1;death-0;other_aid-0;infrastructure_related-0;transport-0;buildings-0;electricity-0;tools-0;hospitals-0;shops-0;aid_centers-0;other_infrastructure-0;weather_related-1;floods-0;storm-1;fire-0;earthquake-0;cold-0;other_weather-0;direct_report-1
11503,related-1;request-0;offer-0;aid_related-1;medical_help-0;medical_products-0;search_and_rescue-0;security-0;military-0;child_alone-0;water-0;food-0;shelter-0;clothing-0;money-1;missing_people-0;refugees-0;death-0;other_aid-1;infrastructure_related-0;transport-0;buildings-0;electricity-0;tools-0;hospitals-0;shops-0;aid_centers-0;other_infrastructure-0;weather_related-1;floods-0;storm-0;fire-0;earthquake-1;cold-0;other_weather-0;direct_report-0
11503,related-1;request-1;offer-0;aid_related-1;medical_help-0;medical_products-0;search_and_rescue-0;security-0;military-0;child_alone-0;water-0;food-0;shelter-0;clothing-0;money-1;missing_people-0;refugees-0;death-0;other_aid-1;infrastructure_related-0;transport-0;buildings-0;electricity-0;tools-0;hospitals-0;shops-0;aid_centers-0;other_infrastructure-0;weather_related-1;floods-0;storm-0;fire-0;earthquake-1;cold-0;other_weather-0;direct_report-0
12416,related-1;request-0;offer-0;aid_related-1;medical_help-0;medical_products-0;search_and_rescue-0;security-0;military-0;child_alone-0;water-0;food-1;shelter-0;clothing-1;money-0;missing_people-0;refugees-0;death-0;other_aid-0;infrastructure_related-0;transport-0;buildings-0;electricity-0;tools-0;hospitals-0;shops-0;aid_centers-0;other_infrastructure-0;weather_related-0;floods-0;storm-0;fire-0;earthquake-0;cold-0;other_weather-0;direct_report-0
12416,related-1;request-0;offer-0;aid_related-1;medical_help-0;medical_products-0;search_and_rescue-0;security-0;military-0;child_alone-0;water-0;food-1;shelter-1;clothing-1;money-0;missing_people-0;refugees-0;death-0;other_aid-0;infrastructure_related-0;transport-0;buildings-0;electricity-0;tools-0;hospitals-0;shops-0;aid_centers-0;other_infrastructure-0;weather_related-0;floods-0;storm-0;fire-0;earthquake-0;cold-0;other_weather-0;direct_report-0
12420,related-1;request-0;offer-0;aid_related-1;medical_help-0;medical_products-0;search_and_rescue-0;security-0;military-0;child_alone-0;water-0;food-1;shelter-0;clothing-0;money-0;missing_people-0;refugees-0;death-0;other_aid-0;infrastructure_related-1;transport-0;buildings-1;electricity-0;tools-0;hospitals-0;shops-0;aid_centers-0;other_infrastructure-1;weather_related-1;floods-0;storm-0;fire-0;earthquake-0;cold-0;other_weather-1;direct_report-0
12420,related-1;request-0;offer-0;aid_related-1;medical_help-0;medical_products-0;search_and_rescue-0;security-0;military-0;child_alone-0;water-0;food-1;shelter-0;clothing-0;money-0;missing_people-0;refugees-0;death-0;other_aid-0;infrastructure_related-0;transport-0;buildings-0;electricity-0;tools-0;hospitals-0;shops-0;aid_centers-0;other_infrastructure-0;weather_related-0;floods-0;storm-0;fire-0;earthquake-0;cold-0;other_weather-0;direct_report-1
13914,related-2;request-0;offer-0;aid_related-0;medical_help-0;medical_products-0;search_and_rescue-0;security-0;military-0;child_alone-0;water-0;food-0;shelter-0;clothing-0;money-0;missing_people-0;refugees-0;death-0;other_aid-0;infrastructure_related-0;transport-0;buildings-0;electricity-0;tools-0;hospitals-0;shops-0;aid_centers-0;other_infrastructure-0;weather_related-0;floods-0;storm-0;fire-0;earthquake-0;cold-0;other_weather-0;direct_report-0
13914,related-1;request-0;offer-0;aid_related-0;medical_help-0;medical_products-0;search_and_rescue-0;security-0;military-0;child_alone-0;water-0;food-0;shelter-0;clothing-0;money-0;missing_people-0;refugees-0;death-0;other_aid-0;infrastructure_related-0;transport-0;buildings-0;electricity-0;tools-0;hospitals-0;shops-0;aid_centers-0;other_infrastructure-0;weather_related-0;floods-0;storm-0;fire-0;earthquake-0;cold-0;other_weather-0;direct_report-0
14135,related-1;request-1;offer-0;aid_related-1;medical_help-0;medical_products-0;search_and_rescue-0;security-0;military-0;child_alone-0;water-0;food-0;shelter-1;clothing-0;money-0;missing_people-0;refugees-0;death-0;other_aid-0;infrastructure_related-1;transport-0;buildings-1;electricity-0;tools-0;hospitals-0;shops-0;aid_centers-0;other_infrastructure-1;weather_related-1;floods-1;storm-0;fire-0;earthquake-0;cold-0;other_weather-0;direct_report-1
14135,related-1;request-1;offer-0;aid_related-1;medical_help-0;medical_products-0;search_and_rescue-0;security-0;military-0;child_alone-0;water-0;food-0;shelter-1;clothing-0;money-0;missing_people-0;refugees-0;death-0;other_aid-0;infrastructure_related-0;transport-0;buildings-1;electricity-0;tools-0;hospitals-0;shops-0;aid_centers-0;other_infrastructure-0;weather_related-1;floods-1;storm-0;fire-0;earthquake-0;cold-0;other_weather-0;direct_report-1
15760,related-1;request-0;offer-0;aid_related-0;medical_help-0;medical_products-0;search_and_rescue-0;security-0;military-0;child_alone-0;water-0;food-0;shelter-0;clothing-0;money-0;missing_people-0;refugees-0;death-0;other_aid-0;infrastructure_related-0;transport-0;buildings-0;electricity-0;tools-0;hospitals-0;shops-0;aid_centers-0;other_infrastructure-0;weather_related-0;floods-0;storm-0;fire-0;earthquake-0;cold-0;other_weather-0;direct_report-0
15760,related-0;request-0;offer-0;aid_related-0;medical_help-0;medical_products-0;search_and_rescue-0;security-0;military-0;child_alone-0;water-0;food-0;shelter-0;clothing-0;money-0;missing_people-0;refugees-0;death-0;other_aid-0;infrastructure_related-0;transport-0;buildings-0;electricity-0;tools-0;hospitals-0;shops-0;aid_centers-0;other_infrastructure-0;weather_related-0;floods-0;storm-0;fire-0;earthquake-0;cold-0;other_weather-0;direct_report-0
16245,related-1;request-0;offer-0;aid_related-1;medical_help-1;medical_products-0;search_and_rescue-0;security-0;military-0;child_alone-0;water-0;food-0;shelter-0;clothing-0;money-0;missing_people-0;refugees-0;death-0;other_aid-1;infrastructure_related-0;transport-0;buildings-0;electricity-0;tools-0;hospitals-0;shops-0;aid_centers-0;other_infrastructure-0;weather_related-1;floods-0;storm-0;fire-0;earthquake-0;cold-0;other_weather-1;direct_report-0
16245,related-1;request-0;offer-0;aid_related-1;medical_help-0;medical_products-0;search_and_rescue-0;security-0;military-0;child_alone-0;water-0;food-0;shelter-0;clothing-0;money-0;missing_people-0;refugees-0;death-0;other_aid-1;infrastructure_related-0;transport-0;buildings-0;electricity-0;tools-0;hospitals-0;shops-0;aid_centers-0;other_infrastructure-0;weather_related-0;floods-0;storm-0;fire-0;earthquake-0;cold-0;other_weather-0;direct_report-0
17385,related-1;request-0;offer-0;aid_related-0;medical_help-0;medical_products-0;search_and_rescue-0;security-0;military-0;child_alone-0;water-0;food-0;shelter-0;clothing-0;money-0;missing_people-0;refugees-0;death-0;other_aid-0;infrastructure_related-0;transport-0;buildings-0;electricity-0;tools-0;hospitals-0;shops-0;aid_centers-0;other_infrastructure-0;weather_related-1;floods-1;storm-1;fire-0;earthquake-0;cold-0;other_weather-0;direct_report-0
17385,related-1;request-0;offer-0;aid_related-0;medical_help-0;medical_products-0;search_and_rescue-0;security-0;military-0;child_alone-0;water-0;food-0;shelter-0;clothing-0;money-0;missing_people-0;refugees-0;death-0;other_aid-0;infrastructure_related-0;transport-0;buildings-0;electricity-0;tools-0;hospitals-0;shops-0;aid_centers-0;other_infrastructure-0;weather_related-1;floods-1;storm-0;fire-0;earthquake-0;cold-0;other_weather-0;direct_report-0
17553,related-1;request-1;offer-0;aid_related-1;medical_help-1;medical_products-0;search_and_rescue-0;security-0;military-0;child_alone-0;water-0;food-0;shelter-0;clothing-0;money-0;missing_people-0;refugees-0;death-0;other_aid-0;infrastructure_related-0;transport-1;buildings-0;electricity-0;tools-0;hospitals-0;shops-0;aid_centers-0;other_infrastructure-0;weather_related-1;floods-1;storm-0;fire-0;earthquake-0;cold-0;other_weather-1;direct_report-1
17553,related-1;request-0;offer-0;aid_related-0;medical_help-0;medical_products-0;search_and_rescue-0;security-0;military-0;child_alone-0;water-0;food-0;shelter-0;clothing-0;money-0;missing_people-0;refugees-0;death-0;other_aid-0;infrastructure_related-0;transport-0;buildings-0;electricity-0;tools-0;hospitals-0;shops-0;aid_centers-0;other_infrastructure-0;weather_related-0;floods-0;storm-0;fire-0;earthquake-0;cold-0;other_weather-0;direct_report-0
18925,related-1;request-0;offer-0;aid_related-0;medical_help-0;medical_products-0;search_and_rescue-0;security-0;military-0;child_alone-0;water-0;food-0;shelter-0;clothing-0;money-0;missing_people-0;refugees-0;death-0;other_aid-0;infrastructure_related-0;transport-1;buildings-0;electricity-0;tools-0;hospitals-0;shops-0;aid_centers-0;other_infrastructure-0;weather_related-1;floods-1;storm-0;fire-0;earthquake-0;cold-0;other_weather-0;direct_report-0
18925,related-1;request-0;offer-0;aid_related-0;medical_help-0;medical_products-0;search_and_rescue-0;security-0;military-0;child_alone-0;water-0;food-0;shelter-0;clothing-0;money-0;missing_people-0;refugees-0;death-0;other_aid-0;infrastructure_related-0;transport-1;buildings-0;electricity-0;tools-0;hospitals-0;shops-0;aid_centers-0;other_infrastructure-0;weather_related-1;floods-1;storm-1;fire-0;earthquake-0;cold-0;other_weather-0;direct_report-0
19003,related-1;request-1;offer-0;aid_related-1;medical_help-0;medical_products-0;search_and_rescue-0;security-0;military-0;child_alone-0;water-0;food-0;shelter-0;clothing-0;money-0;missing_people-0;refugees-0;death-1;other_aid-0;infrastructure_related-0;transport-1;buildings-0;electricity-0;tools-0;hospitals-0;shops-0;aid_centers-0;other_infrastructure-0;weather_related-1;floods-1;storm-0;fire-0;earthquake-1;cold-0;other_weather-0;direct_report-0
19003,related-1;request-0;offer-0;aid_related-1;medical_help-0;medical_products-0;search_and_rescue-0;security-0;military-0;child_alone-0;water-0;food-0;shelter-0;clothing-0;money-0;missing_people-0;refugees-0;death-1;other_aid-0;infrastructure_related-0;transport-1;buildings-0;electricity-0;tools-0;hospitals-0;shops-0;aid_centers-0;other_infrastructure-0;weather_related-1;floods-1;storm-0;fire-0;earthquake-1;cold-1;other_weather-0;direct_report-0
19142,related-1;request-0;offer-0;aid_related-1;medical_help-0;medical_products-0;search_and_rescue-0;security-0;military-0;child_alone-0;water-0;food-0;shelter-0;clothing-0;money-0;missing_people-0;refugees-0;death-1;other_aid-1;infrastructure_related-0;transport-0;buildings-0;electricity-0;tools-0;hospitals-0;shops-0;aid_centers-0;other_infrastructure-0;weather_related-1;floods-0;storm-0;fire-0;earthquake-0;cold-1;other_weather-0;direct_report-0
19142,related-1;request-0;offer-0;aid_related-1;medical_help-0;medical_products-0;search_and_rescue-0;security-0;military-0;child_alone-0;water-0;food-0;shelter-0;clothing-0;money-0;missing_people-0;refugees-0;death-1;other_aid-0;infrastructure_related-0;transport-0;buildings-0;electricity-0;tools-0;hospitals-0;shops-0;aid_centers-0;other_infrastructure-0;weather_related-1;floods-0;storm-0;fire-0;earthquake-0;cold-1;other_weather-0;direct_report-0
19687,related-1;request-0;offer-0;aid_related-0;medical_help-0;medical_products-0;search_and_rescue-0;security-0;military-0;child_alone-0;water-0;food-0;shelter-0;clothing-0;money-0;missing_people-0;refugees-0;death-0;other_aid-0;infrastructure_related-0;transport-0;buildings-0;electricity-0;tools-0;hospitals-0;shops-0;aid_centers-0;other_infrastructure-0;weather_related-1;floods-0;storm-1;fire-0;earthquake-0;cold-0;other_weather-0;direct_report-1
19687,related-1;request-0;offer-0;aid_related-0;medical_help-0;medical_products-0;search_and_rescue-0;security-0;military-0;child_alone-0;water-0;food-0;shelter-0;clothing-0;money-0;missing_people-0;refugees-0;death-0;other_aid-0;infrastructure_related-0;transport-0;buildings-0;electricity-0;tools-0;hospitals-0;shops-0;aid_centers-0;other_infrastructure-0;weather_related-1;floods-0;storm-1;fire-0;earthquake-0;cold-0;other_weather-0;direct_report-0
22858,related-0;request-0;offer-0;aid_related-0;medical_help-0;medical_products-0;search_and_rescue-0;security-0;military-0;child_alone-0;water-0;food-0;shelter-0;clothing-0;money-0;missing_people-0;refugees-0;death-0;other_aid-0;infrastructure_related-0;transport-0;buildings-0;electricity-0;tools-0;hospitals-0;shops-0;aid_centers-0;other_infrastructure-0;weather_related-0;floods-0;storm-0;fire-0;earthquake-0;cold-0;other_weather-0;direct_report-0
22858,related-1;request-0;offer-0;aid_related-0;medical_help-0;medical_products-0;search_and_rescue-0;security-0;military-0;child_alone-0;water-0;food-0;shelter-0;clothing-0;money-0;missing_people-0;refugees-0;death-0;other_aid-0;infrastructure_related-0;transport-0;buildings-0;electricity-0;tools-0;hospitals-0;shops-0;aid_centers-0;other_infrastructure-0;weather_related-0;floods-0;storm-0;fire-0;earthquake-0;cold-0;other_weather-0;direct_report-0
24247,related-1;request-0;offer-0;aid_related-0;medical_help-0;medical_products-0;search_and_rescue-0;security-0;military-0;child_alone-0;water-0;food-0;shelter-0;clothing-0;money-0;missing_people-0;refugees-0;death-0;other_aid-0;infrastructure_related-0;transport-0;buildings-1;electricity-0;tools-0;hospitals-0;shops-0;aid_centers-0;other_infrastructure-0;weather_related-0;floods-0;storm-0;fire-0;earthquake-0;cold-0;other_weather-0;direct_report-1
24247,related-1;request-0;offer-0;aid_related-1;medical_help-0;medical_products-0;search_and_rescue-0;security-0;military-0;child_alone-0;water-0;food-0;shelter-0;clothing-0;money-0;missing_people-0;refugees-0;death-0;other_aid-1;infrastructure_related-0;transport-0;buildings-1;electricity-0;tools-0;hospitals-0;shops-0;aid_centers-0;other_infrastructure-0;weather_related-0;floods-0;storm-0;fire-0;earthquake-0;cold-0;other_weather-0;direct_report-1
24347,related-1;request-0;offer-0;aid_related-1;medical_help-0;medical_products-0;search_and_rescue-0;security-0;military-1;child_alone-0;water-0;food-1;shelter-0;clothing-0;money-0;missing_people-0;refugees-0;death-0;other_aid-1;infrastructure_related-0;transport-0;buildings-0;electricity-0;tools-0;hospitals-0;shops-0;aid_centers-0;other_infrastructure-0;weather_related-1;floods-1;storm-0;fire-0;earthquake-0;cold-0;other_weather-0;direct_report-0
24347,related-1;request-0;offer-0;aid_related-1;medical_help-0;medical_products-0;search_and_rescue-0;security-0;military-0;child_alone-0;water-0;food-1;shelter-0;clothing-0;money-0;missing_people-0;refugees-0;death-0;other_aid-1;infrastructure_related-0;transport-0;buildings-0;electricity-0;tools-0;hospitals-0;shops-0;aid_centers-0;other_infrastructure-0;weather_related-1;floods-1;storm-0;fire-0;earthquake-0;cold-0;other_weather-0;direct_report-0
25512,related-1;request-0;offer-0;aid_related-1;medical_help-0;medical_products-0;search_and_rescue-0;security-0;military-0;child_alone-0;water-0;food-0;shelter-1;clothing-0;money-0;missing_people-0;refugees-0;death-0;other_aid-1;infrastructure_related-1;transport-0;buildings-1;electricity-0;tools-0;hospitals-0;shops-0;aid_centers-0;other_infrastructure-1;weather_related-1;floods-1;storm-0;fire-0;earthquake-0;cold-0;other_weather-0;direct_report-0
25512,related-1;request-0;offer-0;aid_related-1;medical_help-0;medical_products-0;search_and_rescue-0;security-0;military-0;child_alone-0;water-0;food-0;shelter-1;clothing-0;money-0;missing_people-0;refugees-0;death-0;other_aid-0;infrastructure_related-0;transport-0;buildings-0;electricity-0;tools-0;hospitals-0;shops-0;aid_centers-0;other_infrastructure-0;weather_related-1;floods-1;storm-0;fire-0;earthquake-0;cold-0;other_weather-0;direct_report-0
27768,related-1;request-0;offer-0;aid_related-1;medical_help-0;medical_products-0;search_and_rescue-0;security-0;military-1;child_alone-0;water-0;food-0;shelter-0;clothing-0;money-0;missing_people-0;refugees-0;death-0;other_aid-0;infrastructure_related-0;transport-0;buildings-0;electricity-0;tools-0;hospitals-0;shops-0;aid_centers-0;other_infrastructure-0;weather_related-0;floods-0;storm-0;fire-0;earthquake-0;cold-0;other_weather-0;direct_report-0
27768,related-1;request-0;offer-0;aid_related-0;medical_help-0;medical_products-0;search_and_rescue-0;security-0;military-0;child_alone-0;water-0;food-0;shelter-0;clothing-0;money-0;missing_people-0;refugees-0;death-0;other_aid-0;infrastructure_related-0;transport-0;buildings-0;electricity-0;tools-0;hospitals-0;shops-0;aid_centers-0;other_infrastructure-0;weather_related-0;floods-0;storm-0;fire-0;earthquake-0;cold-0;other_weather-0;direct_report-0
28462,related-1;request-1;offer-0;aid_related-1;medical_help-1;medical_products-0;search_and_rescue-0;security-0;military-0;child_alone-0;water-0;food-0;shelter-0;clothing-0;money-0;missing_people-0;refugees-1;death-0;other_aid-0;infrastructure_related-0;transport-0;buildings-0;electricity-0;tools-0;hospitals-0;shops-0;aid_centers-0;other_infrastructure-0;weather_related-0;floods-0;storm-0;fire-0;earthquake-0;cold-0;other_weather-0;direct_report-0
28462,related-1;request-0;offer-0;aid_related-1;medical_help-1;medical_products-0;search_and_rescue-0;security-0;military-0;child_alone-0;water-0;food-0;shelter-0;clothing-0;money-0;missing_people-0;refugees-0;death-0;other_aid-0;infrastructure_related-0;transport-0;buildings-0;electricity-0;tools-0;hospitals-0;shops-0;aid_centers-0;other_infrastructure-0;weather_related-0;floods-0;storm-0;fire-0;earthquake-0;cold-0;other_weather-0;direct_report-0
29022,related-1;request-1;offer-0;aid_related-1;medical_help-0;medical_products-1;search_and_rescue-0;security-0;military-0;child_alone-0;water-1;food-0;shelter-1;clothing-0;money-0;missing_people-0;refugees-0;death-0;other_aid-0;infrastructure_related-0;transport-0;buildings-0;electricity-0;tools-0;hospitals-0;shops-0;aid_centers-0;other_infrastructure-0;weather_related-0;floods-0;storm-0;fire-0;earthquake-0;cold-0;other_weather-0;direct_report-0
29022,related-1;request-0;offer-0;aid_related-1;medical_help-0;medical_products-1;search_and_rescue-0;security-0;military-0;child_alone-0;water-1;food-0;shelter-1;clothing-0;money-0;missing_people-0;refugees-0;death-0;other_aid-0;infrastructure_related-0;transport-0;buildings-0;electricity-0;tools-0;hospitals-0;shops-0;aid_centers-0;other_infrastructure-0;weather_related-0;floods-0;storm-0;fire-0;earthquake-0;cold-0;other_weather-0;direct_report-0
